{
    "links": [
        {
            "id": "link_001",
            "userId": "user_001",
            "slug": "alex-secret",
            "title": "Alex's Secret Messages",
            "description": "Send me anonymous messages about anything!",
            "createdAt": "2024-01-15T10:35:00Z",
            "isActive": true,
            "customization": {
                "theme": "dark",
                "backgroundColor": "#1F2937",
                "textColor": "#FFFFFF",
                "buttonColor": "#3B82F6"
            },
            "stats": {
                "totalMessages": 12,
                "lastMessageAt": "2024-02-28T08:30:00Z"
            }
        },
        {
            "id": "link_002",
            "userId": "user_002",
            "slug": "sarah-questions",
            "title": "Ask Sarah Anything",
            "description": "I'm open to any questions or feedback!",
            "createdAt": "2024-01-20T14:20:00Z",
            "isActive": true,
            "customization": {
                "theme": "light",
                "backgroundColor": "#F3F4F6",
                "textColor": "#111827",
                "buttonColor": "#EC4899"
            },
            "stats": {
                "totalMessages": 8,
                "lastMessageAt": "2024-02-25T19:15:00Z"
            }
        },
        {
            "id": "link_003",
            "userId": "user_003",
            "slug": "mike-feedback",
            "title": "Feedback for Mike",
            "description": "Your honest feedback helps me grow",
            "createdAt": "2024-02-01T09:50:00Z",
            "isActive": true,
            "customization": {
                "theme": "blue",
                "backgroundColor": "#DBEAFE",
                "textColor": "#1E40AF",
                "buttonColor": "#10B981"
            },
            "stats": {
                "totalMessages": 5,
                "lastMessageAt": "2024-02-20T11:45:00Z"
            }
        },
        {
            "id": "link_004",
            "userId": "user_001",
            "slug": "alex-work",
            "title": "Work Feedback - Alex",
            "description": "Professional feedback and suggestions",
            "createdAt": "2024-02-15T13:00:00Z",
            "isActive": true,
            "customization": {
                "theme": "professional",
                "backgroundColor": "#FFFFFF",
                "textColor": "#374151",
                "buttonColor": "#6B7280"
            },
            "stats": {
                "totalMessages": 3,
                "lastMessageAt": "2024-02-18T14:20:00Z"
            }
        }
    ]
}